{
  "checkpoint": "outputs/monodetr_outside_center_0.00015_test/checkpoint_best.pth",
  "checkpoint_epoch": 159,
  "config": "configs/eval_outside_D_full_legacy_ry.yaml",
  "expected_outside_target_instances": 287,
  "inside_same_images": {
    "assigned": 1184,
    "error_delta_px_mean": 0.01695128870210129,
    "error_delta_px_median": 0.00018234590129395656,
    "error_delta_px_p90": 0.002824831723476029,
    "full_error_px_mean": 5.13694911967361,
    "full_error_px_median": 3.074778715017948,
    "full_error_px_p90": 11.579358876046186,
    "improved": 531,
    "improved_fraction": 0.47794779477947796,
    "matched_iou_0.3": 1129,
    "matched_iou_0.5": 1111,
    "matched_iou_0.7": 1038,
    "metric_match_iou": 0.5,
    "metric_matches": 1111,
    "offset_cosine_mean": null,
    "offset_error_px_mean": 0.13572163787260264,
    "offset_error_px_median": 0.0028449405843297376,
    "offset_error_px_p90": 0.0028449405843297376,
    "predicted_offset_norm_px_mean": 0.13572163787260264,
    "predicted_offset_norm_px_median": 0.0028449405843297376,
    "predicted_offset_norm_px_p90": 0.0028449405843297376,
    "representative_error_px_mean": 5.119997830971508,
    "representative_error_px_median": 3.0777174361398183,
    "representative_error_px_p90": 11.72474683474273,
    "target_offset_norm_px_mean": 0.0,
    "target_offset_norm_px_median": 0.0,
    "target_offset_norm_px_p90": 0.0,
    "targets": 1357
  },
  "match_iou": 0.5,
  "outside": {
    "assigned": 166,
    "error_delta_px_mean": -11.228081485131101,
    "error_delta_px_median": -10.87673099483692,
    "error_delta_px_p90": -3.0997594958884163,
    "full_error_px_mean": 22.0713847122061,
    "full_error_px_median": 20.48712914324822,
    "full_error_px_p90": 41.35578337916739,
    "improved": 84,
    "improved_fraction": 0.9655172413793104,
    "matched_iou_0.3": 95,
    "matched_iou_0.5": 87,
    "matched_iou_0.7": 39,
    "metric_match_iou": 0.5,
    "metric_matches": 87,
    "offset_cosine_mean": 0.9276118179657543,
    "offset_error_px_mean": 8.253472274448944,
    "offset_error_px_median": 7.209007087689707,
    "offset_error_px_p90": 14.526682388872395,
    "predicted_offset_norm_px_mean": 11.616506605563327,
    "predicted_offset_norm_px_median": 11.365902047683177,
    "predicted_offset_norm_px_p90": 19.99801246458335,
    "representative_error_px_mean": 33.2994661973372,
    "representative_error_px_median": 28.862622465116722,
    "representative_error_px_p90": 55.169855363782126,
    "target_offset_norm_px_mean": 10.754089184366782,
    "target_offset_norm_px_median": 8.17815765956636,
    "target_offset_norm_px_p90": 27.168683910958467,
    "targets": 287
  },
  "outside_at_iou": {
    "0.3": {
      "assigned": 166,
      "error_delta_px_mean": -10.885710056412982,
      "error_delta_px_median": -10.853604471409135,
      "error_delta_px_p90": -3.2620629747016157,
      "full_error_px_mean": 29.9681892844655,
      "full_error_px_median": 20.885442786338338,
      "full_error_px_p90": 52.81404550304085,
      "improved": 92,
      "improved_fraction": 0.968421052631579,
      "matched_iou_0.3": 95,
      "matched_iou_0.5": 87,
      "matched_iou_0.7": 39,
      "metric_match_iou": 0.3,
      "metric_matches": 95,
      "offset_cosine_mean": 0.9291656089403333,
      "offset_error_px_mean": 9.86430186992795,
      "offset_error_px_median": 7.921360591500958,
      "offset_error_px_p90": 16.534011558309807,
      "predicted_offset_norm_px_mean": 11.255457608761619,
      "predicted_offset_norm_px_median": 10.96287781767855,
      "predicted_offset_norm_px_p90": 19.6630135809486,
      "representative_error_px_mean": 40.853899340878485,
      "representative_error_px_median": 30.224962736110935,
      "representative_error_px_p90": 70.58665541836336,
      "target_offset_norm_px_mean": 12.655117338631483,
      "target_offset_norm_px_median": 8.73388112488835,
      "target_offset_norm_px_p90": 32.53421839027723,
      "targets": 287
    },
    "0.5": {
      "assigned": 166,
      "error_delta_px_mean": -11.228081485131101,
      "error_delta_px_median": -10.87673099483692,
      "error_delta_px_p90": -3.0997594958884163,
      "full_error_px_mean": 22.0713847122061,
      "full_error_px_median": 20.48712914324822,
      "full_error_px_p90": 41.35578337916739,
      "improved": 84,
      "improved_fraction": 0.9655172413793104,
      "matched_iou_0.3": 95,
      "matched_iou_0.5": 87,
      "matched_iou_0.7": 39,
      "metric_match_iou": 0.5,
      "metric_matches": 87,
      "offset_cosine_mean": 0.9276118179657543,
      "offset_error_px_mean": 8.253472274448944,
      "offset_error_px_median": 7.209007087689707,
      "offset_error_px_p90": 14.526682388872395,
      "predicted_offset_norm_px_mean": 11.616506605563327,
      "predicted_offset_norm_px_median": 11.365902047683177,
      "predicted_offset_norm_px_p90": 19.99801246458335,
      "representative_error_px_mean": 33.2994661973372,
      "representative_error_px_median": 28.862622465116722,
      "representative_error_px_p90": 55.169855363782126,
      "target_offset_norm_px_mean": 10.754089184366782,
      "target_offset_norm_px_median": 8.17815765956636,
      "target_offset_norm_px_p90": 27.168683910958467,
      "targets": 287
    },
    "0.7": {
      "assigned": 166,
      "error_delta_px_mean": -11.320583089466137,
      "error_delta_px_median": -10.872040762753528,
      "error_delta_px_p90": -2.9265589308994007,
      "full_error_px_mean": 17.41184588361313,
      "full_error_px_median": 17.518385525666634,
      "full_error_px_p90": 28.151636650450804,
      "improved": 38,
      "improved_fraction": 0.9743589743589743,
      "matched_iou_0.3": 95,
      "matched_iou_0.5": 87,
      "matched_iou_0.7": 39,
      "metric_match_iou": 0.7,
      "metric_matches": 39,
      "offset_cosine_mean": 0.9572180811334196,
      "offset_error_px_mean": 7.898314046032038,
      "offset_error_px_median": 8.185957635600268,
      "offset_error_px_p90": 12.408436717929442,
      "predicted_offset_norm_px_mean": 11.828724690247604,
      "predicted_offset_norm_px_median": 11.035968579586363,
      "predicted_offset_norm_px_p90": 19.964772398562282,
      "representative_error_px_mean": 28.732428973079266,
      "representative_error_px_median": 27.622384585371446,
      "representative_error_px_p90": 36.32455725965671,
      "target_offset_norm_px_mean": 7.67480039451817,
      "target_offset_norm_px_median": 3.6657210105582525,
      "target_offset_norm_px_p90": 17.01890793163534,
      "targets": 287
    }
  },
  "outside_by_difficulty": {
    "Easy": {
      "assigned": 4,
      "error_delta_px_mean": -8.373368841370452,
      "error_delta_px_median": -8.373368841370452,
      "error_delta_px_p90": -1.672401395645815,
      "full_error_px_mean": 16.003701688965293,
      "full_error_px_median": 16.003701688965293,
      "full_error_px_p90": 19.28198913475109,
      "improved": 1,
      "improved_fraction": 0.5,
      "matched_iou_0.3": 3,
      "matched_iou_0.5": 2,
      "matched_iou_0.7": 0,
      "metric_match_iou": 0.5,
      "metric_matches": 2,
      "offset_cosine_mean": 0.002442748382866844,
      "offset_error_px_mean": 3.3873903002754235,
      "offset_error_px_median": 3.3873903002754235,
      "offset_error_px_p90": 6.043261345499093,
      "predicted_offset_norm_px_mean": 8.558549749638276,
      "predicted_offset_norm_px_median": 8.558549749638276,
      "predicted_offset_norm_px_p90": 15.403113596881434,
      "representative_error_px_mean": 24.377070530335743,
      "representative_error_px_median": 24.377070530335743,
      "representative_error_px_p90": 27.799750530274586,
      "target_offset_norm_px_mean": 6.061362626031902,
      "target_offset_norm_px_median": 6.061362626031902,
      "target_offset_norm_px_p90": 10.858574123562143,
      "targets": 6
    },
    "Hard": {
      "assigned": 132,
      "error_delta_px_mean": -11.294291180114428,
      "error_delta_px_median": -10.874385878795223,